UAI,AB
UAI:5831,"in recent years, there have been major strides in the safety verification of machine learning models such as neural networks and tree ensembles. however, fuzzy decision trees (fdt), also called soft or differentiable decision trees, are yet unstudied in the context of verification. they present unique verification challenges resulting from multiplications of input values; in the simplest case with a piecewise-linear splitting function, an fdt is piecewise-polynomial with degree up to the depth of the tree. we propose an abstraction-refinement algorithm for verification of properties of fdts. we show that the problem is np-complete, like many other machine learning verification problems, and that our algorithm is complete in a finite precision setting. we benchmark on a selection of public data sets against an off-the-shelf smt solver and a baseline variation of our algorithm that uses a refinement strategy from similar methods for neural network verification, finding the proposed method to be the fastest. code for our algorithm along with our experiments and demos are available on github at https://github.com/autonlab/fdt_verification."
UAI:5832,"this study uses a spring-block model and rate and state friction to simulate experiments conducted in a double direct-shear apparatus on carbonate fault gouge (scuderi et al., 2017, https:// doi.org/10.1016/j.epsl.2017.08.009) and on shale bearing rock (scuderi & collettini, 2018, https://doi. org/10.1029/2018jb016084). both sets of experiments used the same loading protocol and injected pore fluid under creep conditions. when velocity strengthening rate and state friction is used to simulate the experiments on the carbonate fault gouge the results agree well with the observed onset of tertiary creep in the experiment. thus, the simulation reinforces the observation that pore fluid injection can induce rapid slip even when the friction relation is velocity strengthening. the rate and state framework provides an interpretation alternative to the standard one of the mohr's circle moving to the left as pressure increases. in the rate and state framework, the friction coefficient must increase with pore pressure increase. the shale has a low nominal friction coefficient (0.28) and is much more velocity strengthening than the carbonate. the simulation agrees with the observations that increases in pore pressure induce an increase in slip velocity but the magnitudes reach only about 100 microns/s by the end of the experiment. the simulation for the shale also agrees well with the magnitude of the observed displacement at the end of the experiment but observed displacement is increasing much more rapidly the calculated. although the calculations agree well with features of the observations near failure, the overall curves of displacement and velocity are significantly different."
UAI:5833,"research highlight: seibold, s., weisser, w., ambarli, d., gossner, m. m., mori, a., cadotte, m., hagge, j., bassler, c. & thorn, s. (2022). drivers of community assembly change during succession in wood-decomposing beetle communities. journal of animal ecology, https://doi.org/10.1111/1365-2656.13843. paradigms of succession and its drivers have largely developed from systems relying on living plants. a substantial portion of terrestrial biodiversity and biomass exists in detrital systems that rely on dead organic matter, yet successional patterns in detrital systems have received far less attention. in particular, deadwood significantly contributes to forest ecosystem nutrient cycling and storage and represents a relatively long- lived detrital system in which to study patterns of succession. seibold et al. examined successional patterns of deadwood beetle communities over 8 year s in a large- scale experiment that included 379 logs from 13 different tree species in 30 forest stands in three regions of germany. they predicted that deadwood beetle communities would initially differ among deadwood tree species, across space, and with climatic differences but would become more similar over time as deadwood decomposed and characteristics of remaining habitat become more homogeneous. however, seibold et al. predicted that beetle communities would become increasingly different across space along dead- wood succession if late successional species were weaker dispersers than early successional species. surprisingly, beetle communities became more dissimilar over time contrary to predictions. but, as predicted, increasing phylogenetic distance among tree species led to increasingly dissimilar deadwood beetle communities. lastly, differences across space, forest structure and climate led to different deadwood beetle communities, but these effects remained constant over time. these results suggest that deadwood succession is influenced by both deterministic and stochastic pro- cesses and that stochastic processes may be increasingly important in late succes- sional stages. seibold et al. reveal important drivers of detrital successional patterns in deadwood that indicate that deadwood beetle biodiversity can be promoted via main- taining a diversity of deadwood decay stages across a large phylogenetic diversity of trees species and structurally diverse forests. future studies that test the mechanisms driving these patterns and whether these results hold for other saproxylic organisms will help inform forest conservation and management strategies."
UAI:5834,"editor's note: this is the 15th article in a series on clinical research by nurses. the series is designed to be used as a resource for nurses to understand the concepts and principles essential to research. each column will present the concepts that underpin evidence-based practice-from research design to data interpretation. to see all the articles in the series, go to https://links.lww.com/ajn/a204."
UAI:5835,"the closed loops or cycles in a brain network embeds higher order signal transmission paths, which provide fundamental insights into the functioning of the brain. in this work, we propose an efficient algorithm for systematic identification and modeling of cycles using persistent homology and the hodge laplacian. various statistical inference procedures on cycles are developed. we validate the our methods on simulations and apply to brain networks obtained through the resting state functional magnetic resonance imaging. the computer codes for the hodge laplacian are given in https://github.com/laplcebeltrami/hodge."
UAI:5836,"magus is a recent multiple sequence alignment method that provides excellent accuracy on large challenging datasets. magus uses divide-and-conquer: it divides the sequences into disjoint sets, computes alignments on the disjoint sets, and then merges the alignments using a technique it calls the graph clustering method (gcm). to understand why magus is so accurate, we show that gcm is a good heuristic for the np-hard mwt-am problem (maximum weight trace, adapted to the alignment merging problem). our study, using both biological and simulated data, establishes that mwt-am scores correlate very well with alignment accuracy and presents improvements to gcm that are even better heuristics for mwt-am. this study suggests a new direction for large-scale msa estimation based on improved divide-and-conquer strategies, with the merging step based on optimizing mwt-am. magus and its enhanced versions are available at https://github.com/vlasmirnov/magus."
UAI:5837,"rare diseases individually affect relatively few people, but as a group they impact considerable numbers of people. the rat genome database (https://rgd.mcw.edu) is a knowledgebase that offers resources for rare disease research. this includes disease definitions, genes, quantitative trail loci (qtls), genetic variants, annotations to published literature, links to external resources, and more. one im-portant resource is identifying relevant cell lines and rat strains that serve as models for disease research. diseases, genes, and strains have report pages with consolidated data, and links to analysis tools. utilizing these globally accessible resources for rare disease re-search, potentiating discovery of mechanisms and new treatments, can point researchers toward solutions to alleviate the suffering of those afflicted with these diseases."
UAI:5838,"background: a crisis in vacancies for academic nurse leaders across north american has been recognized. their role has become increasingly multifaceted, facing rapidly changing responsibilities that must evolve with health care, higher education and leadership. purpose: this retrospective study was conducted to investigate relationships among relevant variables included in the coache faculty job satisfaction survey. methods: the sample included survey responses from academic nursing administrators (n = 174). analysis of variance and multiple linear regression modeling were utilized.discussion: clarity in the tenure process (f (6, 92) = 2.92, p = .001), collaboration (p =.000) as well as academic leadership decisions of the dean or division chair (p = .006), and work-life balance (p =.005) were found to be significant.conclusions: understanding the factors important to administrators will assist in innovative approaches to attract and retain qualified leaders.cite this article: emory, j., kippenbrock, t., (2023, march/april). a four-year analysis of us and canadian academic nurse administrators' job satisfaction and intent to stay. nurs outlook, 71(2), 101914. https:// doi.org/10.1016/j.outlook.2022.101914."
UAI:5839,"there is a clear and growing need to be able record and track the contributions of individual registered nurses (rns) to patient care and patient care outcomes in the us and also understand the state of the nursing workforce. the national academies of sciences, engineering, and medicine report, the future of nursing 2020-2030: charting a path to achieve health equity (2021), identified the need to track nurses' collective and individual contributions to patient care outcomes. this capability depends upon the adoption of a unique nurse identifier and its implementation within electronic health records. additionally, there is a need to understand the nature and characteristics of the overall nursing workforce including supply and demand, turnover, attrition, credentialing, and geographic areas of practice. this need for data to support workforce studies and planning is dependent upon comprehensive databases describing the nursing workforce, with unique nurse identification to support linkage across data sources. there are two existing national nurse identifiers- the national provider identifier and the national council of state boards of nursing identifier. this article provides an overview of these two national nurse identifiers; reviews three databases that are not nurse specific to understand lessons learned in the development of those databases; and discusses the ethical, legal, social, diversity, equity, and inclusion implications of a unique nurse identifier. cite this article: chan, g.k., cummins, m.r., taylor, c.s., rambur, b., auerbach, d.i., meadows-oliver, m., cooke, c., turek, e.a., & pittman, p. (2022, march/april). an overview and policy implications of national nurse identifier systems: a call for unity and integration. nurs outlook, 71(2), 101892. https://doi.org/ 10.1016/j.outlook.2022.10.005."
UAI:5840,"transforming raw ehr data into machine learning model-ready inputs requires considerable effort. one widely used ehr database is medical information mart for intensive care (mimic). prior work on mimic-iii cannot query the updated and improved mimic-iv version. besides, the need to use multicenter datasets further highlights the challenge of ehr data extraction. therefore, we developed an extraction pipeline that works on both mimic-iv and eicu collaborative research database and allows for model cross validation using these 2 databases. under the default choices, the pipeline extracted 38,766 and 126,448 icu records for mimic-iv and eicu, respectively. using the extracted time-dependent variables, we compared the area under the curve (auc) performance with prior works on clinically relevant tasks such as in-hospital mortality prediction. metre achieved comparable performance with auc 0.723-0.888 across all tasks with mimic-iv. additionally, when we evaluated the model directly on mimic-iv data using a model trained on eicu, we observed that the auc change can be as small as +0.019 or -0.015. our open-source pipeline transforms mimic-iv and eicu into structured data frames and allows researchers to perform model training and testing using data collected from different institutions, which is of critical importance for model deployment under clinical contexts. the code used to extract the data and perform training is available here: https://github.com/weiliao97/metre."
