UAI,AB
UAI:5581,"hepatitis c virus (hcv) infection is a concerning health issue that causes chronic liver diseases. despite many successful therapeutic outcomes, no effective hcv vaccines are currently available. focusing on t cell activity, the primary effector for hcv clearance, t cell epitopes of hcv (tce-hcv) are considered promising elements to accelerate hcv vaccine efficacy. thus, accurate and rapid identification of tce-hcvs is recommended to obtain more efficient therapy for chronic hcv infection. in this study, a novel sequence-based stacked approach, termed trollope, is proposed to accurately identify tce-hcvs from sequence information. specifically, we employed 12 different sequence-based feature descriptors from heterogeneous perspectives, such as physicochemical properties, composition-transition-distribution information and composition information. these descriptors were used in cooperation with 12 popular machine learning (ml) algorithms to create 144 base-classifiers. to maximize the utility of these base-classifiers, we used a feature selection strategy to determine a collection of potential base-classifiers and integrated them to develop the meta-classifier. comprehensive experiments based on both cross-validation and independent tests demonstrated the superior predictive performance of trollope compared with conventional ml classifiers, with cross-validation and independent test accuracies of 0.745 and 0.747, respectively. finally, a user-friendly online web server of trollope (http://pmlabqsar.pythonanywhere.com/trollope) has been developed to serve research efforts in the large-scale identification of potential tce-hcvs for follow-up experimental verification."
UAI:5582,"motivation: next generation sequencing technologies make it possible to detect rare genetic variants in individual patients. currently, more than a dozen software and web services have been created to predict the pathogenicity of variants related with changing of amino acid residues. despite considerable efforts in this area, at the moment there is no ideal method to classify pathogenic and harmless variants, and the assessment of the pathogenicity is often contradictory. in this article, we propose to use peptides structural formulas of proteins as an amino acid residues substitutions description, rather than a single-letter code. this allowed us to investigate the effectiveness of chemoinformatics approach to assess the pathogenicity of variants associated with amino acid substitutions. results: the structure-activity relationships analysis relying on protein-specific data and atom centric substructural multilevel neighborhoods of atoms (mna) descriptors of molecular fragments appeared to be suitable for predicting the pathogenic effect of single amino acid variants. mna-based nai<spacing diaeresis>ve bayes classifier algorithm, clinvar and humsavar data were used for the creation of structure-activity relationships models for 10 proteins. the performance of the models was compared with 11 different predicting tools: 8 individual (sift 4g, polyphen2 hdiv, mutationassessor, provean, fathmm, mvp, list-s2, mutpred) and 3 consensus (m-cap, metasvm, metalr). the accuracy of mna-based method varies for the proteins (auc: 0.631-0.993; mcc: 0.191-0.891). it was similar for both the results of comparisons with the other individual predictors and third-party protein-specific predictors. for several proteins (brca1, brca2, col1a2, and ryr1), the performance of the mna-based method was outstanding, capable of capturing the pathogenic effect of structural changes in amino acid substitutions. availability and implementation: the datasets are available as supplemental data at bioinformatics online. a python script to convert amino acid and nucleotide sequences from single-letter codes to sd files is available at https://github.com/smirnygatotoshka/sequencetosdf. the authors provide trial licenses for multipass software to interested readers upon request."
UAI:5583,"one of the key steps in data dependent acquisition (dda)proteomicsis detection of peptide isotopic clusters, also called features,in ms1 spectra and matching them to ms/ms-based peptide identifications.a number of peptide feature detection tools became available in recentyears, each relying on its own matching algorithm. here, we providean integrated solution, the intensity-based quantitative mix and matchapproach (iqmma), which integrates a number of untargeted peptidefeature detection algorithms and returns the most probable intensityvalues for the ms/ms-based identifications. iqmma was tested usingavailable proteomic data acquired for both well-characterized (groundtruth) and real-world biological samples, including a mix of yeastand e. coli digests spiked at different concentrationsinto the human k562 digest used as a background, and a set of glioblastomacell lines. three open-source feature detection algorithms were integrated:dinosaur, biosaur2, and openms featurefinder. none of them was foundoptimal when applied individually to all the data sets employed inthis work; however, their combined use in iqmma improved efficiencyof subsequent protein quantitation. the software implementing iqmmais freely available at https://github.com/postoenkovi/iqmma under apache 2.0 license."
UAI:5584,"a new arboreal species of arthrovertex (oribatida, scutoverticidae)-a. kornilovi sp. nov.-is described, based on adults collected from tree branches of dipterocarpus alatus in cat tien national park, vietnam. a generic diagnosis, identification key, distribution, and habitats of representatives of arthrovertex are presented. http://zoobank.org/urn:lsid:zoobank.org:pub:15169867-0fab-43d6-94f4-9d3b4f4a9f47"
UAI:5585,"efficient programs to calculate two-particle oscillator brackets (or talmi-moshinsky-smirnov coefficients) have been constructed recently, comput. phys. comm. 265 (2021) 108005. the corresponding talmi-smirnov transformation is mostly performed in case of particles of equal masses and the constructed programs have been tested in detail as to this case. however, it occurred that those programs included a bug revealing itself in case when particle masses are different. the bug is eliminated in the present version of the programs. all the various tests employed previously at equal masses of particles now reproduce the required results for the case of different masses as well.program summary program title: osbrackets cpc library link to program files: https://doi .org /10 .17632 /4m594wzv94 .2 licensing provisions: gplv3 programming language: fortran-90 journal reference of previous version: comput. phys. comm. 265 (2021) 108005 does the new version supersede the previous version?: yes reasons for the new version: necessity to fix a bug in the programs which affected the brackets in case of the talmi-smirnov transformation at non equal particle masses. the author is thankful to m.a. sharaf who pointed out the incorrect results pertaining to the previous version of the programs. summary of revisions: the subroutine to calculate the quantity (23) from ref. [1] is corrected. this quantity includes powers of tan & phi; where & phi; is the angle specifying the kinematic rotation. in case of equal mass particles one has | tan & phi;| = 1, see [1]. most applications of the brackets in the literature refer to this case and the previous version of the programs has been tested at | tan & phi;| = 1. however, the mentioned subroutine included a bug that reveals itself in the | tan & phi;| =1 case. in the present version of the programs, the bug is eliminated. all the various tests described in [1] now reproduce the required results also at | tan & phi;| =1, i.e., at arbitrary mass ratio of particles. nature of problem: single-particle basis oscillator states are widely used for studying the structure of various many-body systems. to compute matrix elements of two-body operators, the talmi-smirnov transformation of oscillator states is performed. coefficients of this transformation are called oscillator brackets. often it is necessary to retain large sets of basis oscillator states in calculations. therefore, a fast program to compute the brackets is needed. the program should provide accurate results up to high oscillator excitations. solution method: at zero radial quantum numbers, oscillator brackets are calculated using an explicit expression that includes few summations. starting from such brackets, recurrence relations are employed to calculate the brackets of the general type. these relations prove to work perfectly up to very high oscillator excitations. & copy; 2023 elsevier b.v. all rights reserved."
UAI:5586,"we introduce mcdaps, an interactive software for assessing autonomic imbalance from non-invasive multi-channel physiological recordings. mcdaps provides a graphical user interface for data visualization, beat-to-beat processing and interactive analyses. the software extracts beat-to-beat rr interval systolic blood pressure, diastolic blood pressure, the pulse amplitude of photoplethysmogram and the pulse-to-pulse interval. the analysis modules include stationary and time-varying power spectral analyses, moving-correlation analysis and univariate analyses. analyses can also be performed in batch mode if multiple datasets have to be processed in the same way. the program exports results in standard csv format. mcdaps runs in matlab, and is supported on ms windows and mac os systems. the matlab source code is available at https://github.com/thuptimd/mcdaps.git. & copy; 2023 the author(s). published by elsevier b.v. this is an open access article under the cc by-nc-nd license ()."
UAI:5587,"sheet metal (sm) fabrication is perhaps one of the most common metal-working technique. despite its prevalence, sm design is manual and costly, with rigorous practices that restrict the search space, yielding suboptimal results. in contrast, we present a framework for the first automatic design of sm parts. focusing on load bearing applications, our novel system generates a high-performing manufacturable sm that adheres to the numerous constraints that sm design entails: the resulting part minimizes manufacturing costs while adhering to structural, spatial, and manufacturing constraints. in other words, the part should be strong enough, not disturb the environment, and adhere to the manufacturing process. these desiderata sum up to an elaborate, sparse, and expensive search space. our generative approach is a carefully designed exploration process, comprising two steps. in segment discovery connections from the input load to attachable regions are accumulated, and during segment composition the most performing valid combination is searched for. for discovery, we define a slim grammar, and sample it for parts using a markov-chain monte carlo (mcmc) approach, ran in intercommunicating instances (i.e, chains) for diversity. this, followed by a short continuous optimization, enables building a diverse and high-quality library of substructures. during composition, a valid and minimal cost combination of the curated substructures is selected. to improve compliance significantly without additional manufacturing costs, we reinforce candidate parts onto themselves - a unique sm capability called self-riveting. we provide our code and data in https://github.com/amir90/autosheetmetal. we show our generative approach produces viable parts for numerous scenarios. we compare our system against a human expert and observe improvements in both part quality and design time. we further analyze our pipeline's steps with respect to resulting quality, and have fabricated some results for validation. we hope our system will stretch the field of sm design, replacing costly expert hours with minutes of standard cpu, making this cheap and reliable manufacturing method accessible to anyone."
UAI:5588,"recent text-to-image generative models have demonstrated an unparalleled ability to generate diverse and creative imagery guided by a target text prompt. while revolutionary, current state-of-the-art diffusion models may still fail in generating images that fully convey the semantics in the given text prompt. we analyze the publicly available stable diffusion model and assess the existence of catastrophic neglect, where the model fails to generate one or more of the subjects from the input prompt. moreover, we find that in some cases the model also fails to correctly bind attributes (e.g., colors) to their corresponding subjects. to help mitigate these failure cases, we introduce the concept of generative semantic nursing (gsn), where we seek to intervene in the generative process on the fly during inference time to improve the faithfulness of the generated images. using an attention-based formulation of gsn, dubbed attend-and-excite, we guide the model to refine the cross-attention units to attend to all subject tokens in the text prompt and strengthen - or excite - their activations, encouraging the model to generate all subjects described in the text prompt. we compare our approach to alternative approaches and demonstrate that it conveys the desired concepts more faithfully across a range of text prompts. code is available at our project page: https://attendandexcite.github.io/attend-and-excite/."
UAI:5589,"motivation biomarker discovery is one of the most frequent pursuits in bioinformatics and is crucial for precision medicine, disease prognosis, and drug discovery. a common challenge of biomarker discovery applications is the low ratio of samples over features for the selection of a reliable not-redundant subset of features, but despite the development of efficient tree-based classification methods, such as the extreme gradient boosting (xgboost), this limitation is still relevant. moreover, existing approaches for optimizing xgboost do not deal effectively with the class imbalance nature of the biomarker discovery problems, and the presence of multiple conflicting objectives, since they focus on the training of a single-objective model. in the current work, we introduce meva-x, a novel hybrid ensemble for feature selection (fs) and classification, combining a niche-based multiobjective evolutionary algorithm (ea) with the xgboost classifier. meva-x deploys a multiobjective ea to optimize the hyperparameters of the classifier and perform fs, identifying a set of pareto-optimal solutions and optimizing multiple objectives, including classification and model simplicity metrics. results the performance of the meva-x tool was benchmarked using one omics dataset coming from a microarray gene expression experiment, and one clinical questionnaire-based dataset combined with demographic information. meva-x tool outperformed the state-of-the-art methods in the balanced categorization of classes, creating multiple low-complexity models and identifying important nonredundant biomarkers. the best-performing run of meva-x for the prediction of weight loss using gene expression data yields a small set of blood circulatory markers which are sufficient for this precision nutrition application but need further validation. availability and implementation https://github.com/pankonstantinos/meva-x."
UAI:5590,"short tandem repeats (strs) are short repeated sequences commonly found in the human genome and valuable in forensic science, used for human identity and relatedness markers. next-generation sequencing (ngs) technologies, e.g., forenseq signature prep, can sequence strs, inferring length-based alleles and single nucleotide polymorphisms (snps) and providing valuable insights into population and sub-population structures. despite the potential benefits of ngs for strs, no open-source software platform integrates the collection, management, and analysis of str data from ngs into one place. users must use multiple programs to process their str data and then collect the results into a separate database or a file system folder. moreover, analyzing repeat structures (str repeat motifs) may require learning multiple software tools, making the process inefficient and cumbersome. to address this gap, we introduce the strategy, a standalone web-based application supporting essential str data management and analysis capabilities. the strategy allows users to collect their data into its database, automatically calculates forensic parameters, and visualizes the analyzed data in various forms. users can search the database using different options, such as by profile, loci, and genotypes, with and without a specific test kit. moreover, users can also find the nucleotide variants of a locus among the samples. we designed the strategy for internal use in a laboratory or an organization. hence, our system includes role-based access control that allows users to search for or access specific data based on their responsibilities. the administrator role can customize the system, for example, configure maps according to the samples' geographic data, and manage reference str repeat motifs. a laboratory or an organization can download and install a copy of strategy on their local system using docker, as described in https://github.com/cucpbioinfo/strategy. in summary, the strategy is an end-to-end system that provides users with a database to collect the analyzed str data from ngs, the dynamic analyses of forensic parameters, and the variants of str patterns according to the newly added samples, which are then explorable via various search options and visualizations. the system is helpful for both forensic investigations and forensic genetics."
