UAI,AB
UAI:1561,"accurately predicting compound-protein binding affinity is a crucial task in drug discovery. computational models offer the advantages of short time, low cost and safety compared to traditional drug development. pocket is the key binding region of the protein, which provides invaluable information for drug repositioning and drug design. in this study, we propose an ensemble learning model, called stackcpa, to predict the compound-protein binding affinity. the model integrates multi-scale features of protein pocket and compound through a transfer learning strategy. the protein pocket is described in a fine-grained way by atomic level, residue level and subdomain level. the proposed model stackcpa is evaluated on three binding affinity benchmark datasets. the experiment results show that stackcpa achieves the best performance on all the three datasets in comparison with other state-of-the-art deep learning models. the ablation study shows that the protein pocket can provide sufficient information for affinity prediction and its multi-scale features enable the model to further improve the prediction performance. in addition, the case study for epidermal growth factor receptor erbb1 (egfr) indicates that stackcpa could serve as an effective tool for drug repurposing. source codes and data of stackcpa are available at https://github.com/csubiogroup/stackcpa."
UAI:1562,"traditional chinesemedicine (tcm) not only maintains the healthof asian people but also provides a great resource of active naturalproducts for modern drug development. herein, we developed a databaseof constituents absorbed into the blood and metabolites of tcm (dcabm-tcm),the first database systematically collecting blood constituents oftcm prescriptions and herbs, including prototypes and metabolitesexperimentally detected in the blood, together with the correspondingdetailed detection conditions through manual literature mining. thedcabm-tcm has collected 1816 blood constituents with chemical structuresof 192 prescriptions and 194 herbs and integrated their related annotations,including physicochemical, absorption, distribution, metabolism, excretion,and toxicity properties, and associated targets, pathways, and diseases.furthermore, the dcabm-tcm supported two blood constituent-based analysisfunctions, the network pharmacology analysis for tcm molecular mechanismelucidation, and the target/pathway/disease-based screening of candidateblood constituents, herbs, or prescriptions for tcm-based drug discovery.the dcabm-tcm is freely accessible at http://bionet.ncpsb.org.cn/dcabm-tcm/. the dcabm-tcm will contribute to the elucidation of effective constituentsand molecular mechanism of tcms and the discovery of tcm-derived drug-likecompounds that are both bioactive and bioavailable."
UAI:1563,"methods based on convolutional neural networks have achieved excellent performance in the image dehazing task. unfortunately, most of the dehazing methods that exist suffer from loss of detail in the convolution and activation operations and failure to consider the effects of superimposing different intensities of haze, such as under-exposed and over-exposed images. to address these issues, we propose a dynamic dehazing convolution (ddc) based on attentional weight calculation and dynamic weight fusion and a dynamic dehazing activation (dda) based on the input global context encoding function to address the problem of detail loss. and we propose a multi-scaled feature-fused image dehazing network (mfid-net) based on ddc and dda to address the effects of haze superposition. we also design a loss function based on the physical model with dynamic weights. extensive experimental results demonstrate that the proposed mfid-net performs favorably against the state-of-the-art algorithms on the hazy dataset while improving further on hazy images with large differences in haze concentration, and producing satisfactory dehazing results. the code is available at https://github.com/awhitewhale/mfid-net."
UAI:1564,"background china has the largest number of individuals with type 2 diabetes mellitus ( t2dm) in the world, and most lack knowledge about glycemic control and health management. this trial will examine whether a smartphone application can improve blood glucose management among individuals with t2dm. methods this will be a 2-center, factorial design, equal proportional distribution, superiority trial conducted in outpatient endocrinology clinics at two tertiary hospitals in chengdu, china. the trial will enroll smartphone-literature individuals at least 18 years old who have been diagnosed with t2dm based on glycosylated hemoglobin ( hba(1c)) of at least 7.0%. individuals will be randomly assigned to receive routine care with standard education about t2dm and glycemic control (control), routine care as well as weekly telephone reminders to self-monitor blood glucose (reminder), routine care and a smartphone application providing information about glycemic control and health management with t2dm (app), or the combination of routine care, the smartphone application, and weekly telephone reminders (app + reminder). after 6 months of these interventions, participants will be analyzed for the primary outcome of hba1c as well as the secondary outcomes of blood glucose monitoring frequency, body mass index, blood pressure, knowledge about diabetes, health beliefs related to diabetes, diabetes self-management behavior, and satisfaction with the smartphone application. discussion this trial will determine whether a smartphone application can improve glycemic management among chinese with t2dm. the findings may help guide the development of effective applications in china and elsewhere. trial registration registration in the chinese clinical trial registry (chictr) under registration number chictr2100042297:https://www.chictr.org.cn/bin/userproject. 17 january 2021."
UAI:1565,"semi-supervised semantic segmentation aims to classify the pixels with both labeled and unlabeled images. how to utilize unlabeled images is a key part of semi-supervised learning. the existing methods tend to exploit the reliable pixels which can be classified to a specific category with high reliability, ignoring the unreliable pixels which cannot be identified into a special category with low reliability, resulting in information loss. moreover, uneven number of pixels per category often leads to misclassification of small-scale category pixels. in this paper, we propose a multi-reliability and multi-level feature augmentation framework. multi-reliability feature augmentation dedicates to extract unreliable/reliable pixel features to take full advantage of pixel information. multi-level feature augmentation dedicates to extract category/image level semantic features to avoid the sparse semantic information provided by category with a small number of pixels, which can lead to misclassification. furthermore, a variety of data perturbations are employed to enhance the robustness of our model. experimental results on the pascal voc 2012, cityscapes datasets verify the effectiveness of our method. our code is available at https://github.com/jianjianyin/mmfa."
UAI:1566,"rare diseases (rds) may affect individuals in small numbers, but they have a significant impact on a global scale. accurate diagnosis of rds is challenging, and there is a severe lack of drugs available for treatment. pharma-ceutical companies have shown a preference for drug repurposing from existing drugs developed for other dis-eases due to the high investment, high risk, and long cycle involved in rd drug development. compared to traditional approaches, knowledge graph embedding (kge) based methods are more efficient and convenient, as they treat drug repurposing as a link prediction task. kge models allow for the enrichment of existing knowledge by incorporating multimodal information from various sources. in this study, we constructed rdkg-115, a rare disease knowledge graph involving 115 rds, composed of 35,643 entities, 25 relations, and 5,539,839 refined triplets, based on 372,384 high-quality literature and 4 biomedical datasets: drkg, pathway commons, pharmkg, and pmapp. subsequently, we developed a trimodal kge model containing structure, category, and description embeddings using reverse-hyperplane projection. we utilized this model to infer 4199 reliable new inferred triplets from rdkg-115. finally, we calculated potential drugs and small molecules for each of the 115 rds, taking multiple sclerosis as a case study. this study provides a paradigm for large-scale screening of drug repurposing and discovery for rds, which will speed up the drug development process and ultimately benefit patients with rds. the source code and data are available at https://github.com/zhuchaoy/rdkg-115."
UAI:1567,"we present pyatb, a python package designed for computing band structures and related properties of materials using the ab initio tight-binding hamiltonian. the hamiltonian is directly obtained after conducting self-consistent calculations with first-principles packages using numerical atomic orbital bases, such as abacus. the package comprises three modules: bands, geometric, and optical. in the bands module, one can calculate essential properties of band structures, including the partial density of states, fat bands, fermi surfaces, and weyl/dirac points. the band unfolding method is utilized to obtain the energy band spectra of a supercell by projecting the electronic structure of the supercell onto the brillouin zone of the primitive cell. with the geometric module, one can compute the berry phase and berry curvature-related quantities, such as electric polarization, wilson loops, chern numbers, and anomalous hall conductivities. the optical module offers a range of optical property calculations, including optical conductivity and nonlinear optical responses, such as shift current and berry curvature dipole. program summary program title: pyatb cpc library link to program files: https://doi .org /10 .17632 /fsfpdy9t5r .1 developer's repository link: https://github .com /pyatb /pyatb code ocean capsule: https://codeocean .com /capsule /9408682 licensing provisions: gplv3 programming language: c++, python nature of problem: this program is to study the electronic structure, electronic polarization, band topological properties, topological classification, linear and nonlinear optical response of solid crystal systems. solution method: based on the tight binding method to solve the band structure, the wilson loop is used to classify the topological phases, and the optical response is calculated by berry curvature and berry connection. & copy; 2023 elsevier b.v. all rights reserved."
UAI:1568,"accurate crop classification map is of great significance in various fields such as the survey of agricultural resource, the analysis of existing circumstance on land application, the yield estimation of crop and the disaster warning. the methods based on machine learning and deep learning are popularly used in crop classification and recognition of remote sensing images. however, the crop classification task based on neural networks still faces significant challenges due to the spatial and temporal distribution of crops and the inherent characteristics of remote sensing images. therefore, this study proposes the multi-layer pyramid crop classification network (mpnet) to solve the above problems. to reduce the feature loss during the crop extraction, the proposed model uses the pyramid pooling module to improve the ability of global information acquisition, and the information concatenation module to retain the upper features. using the gf-6 and sentinel-2 satellite data, the proposed model was tested in erhai lake basin and beian city. compared with other five deep learning models, such as fcn, segnet, u-net, pspnet and deeplabv3+, the experimental results indicate that the proposed model achieves the highest accuracy in both study areas. meanwhile, the proposed model has the advantages of short training time and high efficiency under the same running conditions. overall, this study is beneficial to improve the efficiency and accuracy of crop classification task in the unbalanced temporal and spatial distribution. it also brings a feasible scheme for crop classification tasks in complex growing areas. the code has been publicly available at https://github.com/xu-chang-hong/mp-net."
UAI:1569,"background: segmentation and evaluation of infarcts on medical images are essential for diagnosis and prognosis of acute ischemic stroke (ais). computed tomography (ct) is the first-choice examination for patients with ais. methods: to accurately segment infarcts from the ct images of patients with ais, we proposed an automated segmentation method combining the convolutional attention mechanism and residual deformable transformer in this article. the method used the encoder-decoder structure, where the encoders were employed for downsampling to obtain the feature of the images and the decoder was used for upsampling and segmentation. in addition, we further applied the convolutional attention mechanism and residual network structure to improve the e ectiveness of feature extraction. our code is available at: https://github.com/xzhixiang/ais-segmentation/tree/master. results: the proposed method was assessed on a public dataset containing 397 non-contrastct (ncct) images of ais patients (aisd dataset). the symptom onset to ct time was less than 24 h. the experimental results illustrate that this work had a dice coefficient (dc) of 58.66% for ais infarct segmentation, which outperforms several existing methods. furthermore, volumetric analysis of infarcts indicated a strong correlation (pearson correlation coefficient = 0.948) between the ais infarct volume obtained by the proposed method and manual segmentation. conclusion: the strong correlation between the infarct segmentation obtained via our method and the ground truth allows us to conclude that ourmethod could accurately segment infarcts from ncct images."
UAI:1570,"place recognition is an important branch of simultaneous localization and mapping (slam), which finds revisited places, thereby reducing error accumulations. most mainstream methods only concentrate on the similarity of two lidar scans and cannot obtain the pose information. in this paper, we design a descriptor named occupied place description (opd) and propose an efficient map-aided place recognition and localization method. our method can effectively detect loop events, obtain the vehicle's poses, and overcome the overlap dependence of pairwise point cloud registration. it is composed of four modules. first, the map data generation is designed to store the map database as binary files. then, a trajectory initialization consisting of global search, local search, and trajectory score computation is proposed to determine the vehicle's initial poses. next, an online localization method is developed by combining descriptor similarity and kalman filtering, which only takes less than 5ms per localization. finally, loop events are detected based on pose information. exhaustive evaluations on kitti and mulran datasets demonstrate the superiority of our method. the average absolute trajectory error (ate) is 0.5 m and the average relative rotation error is 2.7 degrees. f1 score measures the success rate of place recognition and our average maximum f1 score achieves nearly 0.987. the source code will be available in https://github.com/shipc-ai/occupied-place-description."
