UAI,AB
UAI:5161,"poor chemical annotation of high-resolution mass spectrometry data limits applications of untargeted metabolomics datasets. our new software, the integrated data science laboratory for metabolomics and exposomics-composite spectra analysis (idsl.csa) r package, generates composite mass spectra libraries from ms1-only data, enabling the chemical annotation of high-resolution mass spectrometry coupled with liquid chromatography peaks regardless of the availability of ms2 fragmentation spectra. we demonstrate comparable annotation rates for commonly detected endogenous metabolites in human blood samples using idsl.csa libraries versus ms/ms libraries in validation tests. idsl.csa can create and search composite spectra libraries from any untargeted metabolomics dataset generated using highresolution mass spectrometry coupled to liquid or gas chromatography instruments. the crossapplicability of these libraries across independent studies may provide access to new biological insights that may be missed due to the lack of ms2 fragmentation data. the idsl.csa package is available in the r-cran repository at https://cran.r-project.org/package=idsl.csa. detailed documentation and tutorials are provided at https://github.com/idslme/idsl.csa."
UAI:5162,"millions of people worldwide visit, live or work in the hypoxic environment encountered at high altitudes and it is important to understand the biomolecular responses to this stress. this would help design mitigation strategies for high altitude illnesses. in spite of a number of studies spanning over 100 years, still the complex mechanisms controlling acclimatization to hypoxia remain largely unknown. to identify potential diagnostic, therapeutic and predictive markers for ha stress, it is important to comprehensively compare and analyse these studies. towards this goal, highaltitudeomicsdb is a unique resource that provides a comprehensive, curated, user-friendly and detailed compilation of various genes/proteins which have been experimentally validated to be associated with various ha conditions, their protein-protein interactions (ppis) and gene ontology (go) semantic similarities. for each database entry, highaltitudeomicsdb additionally stores the level of regulation (up/down-regulation), fold change, study control group, duration and altitude of exposure, tissue of expression, source organism, level of hypoxia, method of experimental validation, place/country of study, ethnicity, geographical location etc. the database also collates information on disease and drug association, tissue-specific expression level, go and kegg pathway associations. the web resource is a unique server platform that offers interactive ppi networks and go semantic similarity matrices among the interactors.these unique features help to offer mechanistic insights into the disease pathology. hence, highaltitudeomicsdbis a unique platform for researchers working in this area to explore, fetch, compare and analyse ha-associated genes/proteins, their ppi networks, and go semantic similarities. the database is available at http://www.altitudeomicsdb.in."
UAI:5163,"for classification problems, twin support vector machine with pinball loss (pin-gtsvm) is noise insensitive and has better performance than twin support vector machine (twsvm). however, it lacks sparsity in comparison to twsvm. in this article, to maintain a trade-off between the noise insensitivity and sparsity of the model along with preserving the theoretical properties of pinball loss, we propose universum twin support vector machine with truncated pinball loss (tpin-utwsvm). the proposed tpin-utwsvm considers universum data which gives prior information about the distribution of the data, thus improves the generalization performance of the proposed model. further, the proposed optimization problem is non-convex and non-differentiable which is solved by concave-convex procedure. we employed the sor approach to train the proposed model effectively with minimum training time. we conducted numerical experiments on 19 uci binary datasets with different noise levels to validate the noise insensitivity of the proposed tpin-utwsvm model. we also conducted numerical experiments for electroencephalogram (eeg) signal classification and alzheimer's disease (ad) detection. the overall experimental outcomes and statistical tests demonstrate the superiority of the proposed tpin-utwsvm model in comparison to the baseline models. the source code for the proposed tpin-utwsvm is available at https://github.com/mtanveer1/universum-twin-svm-with-truncated-pinball-loss."
UAI:5164,"the goal of medicinal chemistry is to improve on existing drug molecules or to create new ones for use in medicine. this is frequently accomplished by lead optimization, which entails creating similar but slightly modified versions of existing molecules. generative models that use various representations of molecules, such as smiles codes and molecular graphs, have been developed to aid in the search for hits in the unexplored chemical space. in this study, an autoencoder architecture was trained on chemical smiles from the chembl database to generate 157 analogues of vandetanib by introducing noise to its latent representation. the distribution of the autoencoder's latent space was controlled by varying batch sizes during the reconstruction of chemical smiles. virtual screening and molecular dynamics simulations were conducted, and it was found that at least two analogues had a higher binding affinity than the control compound, demonstrating the potential of this approach for lead optimization. this architecture has a small number of parameters and has the potential to generate a wide variety of molecules. the model is implemented in google colaboratory notebook to be explored by scientific community via https://colab.research.google.com/drive/1bphw7_-_vv11dbk6s9jge0bsx0k_-qih? usp=sharing."
UAI:5165,"indian himalayan metagenome database (ihm-db) is a web-based database consisting of information on metagenomic datasets from various databases and publications that are specifically reported from the indian himalayan region (ihr). the online interface allows users to view or download the dataset-specific information for the respective states, category-wise, or according to the hypervariable region. the ihm-db also provides an opportunity for the users to access the metagenomic publications from the ihr as well as upload their microbiome information to the website. additionally, an open-source 16s rrna amplicon-based automated bioinformatics pipeline, autoqii2, allows users to analyze the single-end and paired-end raw reads. autoqii2 provides an automated approach for performing analysis such as quality check, adapter and chimera removal and exploits the latest ribosomal database project classifier for taxonomic assignments. the source code of the autoqii2 pipeline is available at https://gitlab.com/khatriabhi2319/autoqii2."
UAI:5166,"as biological sequence databases continue growing, so do the insight that they promise to shed on the shape of the genetic diversity of life. however, to fulfil this promise the software must remain usable, be able to accommodate a large amount of data and allow use of modern high performance computing infrastructure. in this study we present a reimplementation as well as an extension of a technique using indicator vectors to compute and visualize similarities between sets of nucleotide sequences. we have a flexible and easy to use python program relying on standard and open-source libraries. our tool allows analysis of very large complement of sequences using code parallelization, as well as by providing routines to split a computational task in smaller and manageable subtasks whose results are then merged. this implementation also facilitates adding new sequences into an indicator vector based representation without re-computing the whole set. the efficient synthesis of data into knowledge is no trivial matter given the size and rapid growth of biological sequence databases. based on previous results regarding the properties of indicator vectors, the open-source approach proposed here efficiently and flexibly supports comparative analysis of genetic diversity at a large scale. our software is freely available at: https://github.com/ wandrilled/pykleebarcode."
UAI:5167,"human-robot handover is a key capability of service robots, such as those used to perform routine logistical tasks for healthcare workers. recent algorithms have achieved tremendous advances in object-agnostic end-to-end planar grasping with up to six degrees of freedom (dof); however, compiling the requisite datasets is simply not feasible in many situations and many users consider the use of camera feeds invasive. this letter presents an end-to-end control system for the visual grasping of unseen objects with 6-dof without infringing on the privacy or personal space of human counterparts. in experiments, the proposed fed-hanet system trained using the federated learning framework achieved accuracy close to that of centralized non-privacy-preserving systems, while outperforming baseline methods that rely on fine-tuning. we also explores the use of a depth-only method and compares its performance to a state-of-the-art method, but ultimately emphasizes the importance of using rgb inputs for better grasp success. the practical applicability of the proposed system in a robotic system was assessed in a user study involving 12 participants. the dataset for training and all pretrained models are available at https://arg-nctu.github.io/projects/fed-hanet.html."
UAI:5168,"robust slam in large-scale environments requires fault resilience and awareness at multiple stages, from sensing and odometry estimation to loop closure. in this work, we present tbv (trust but verify) radar slam, a method for radar slam that introspectively verifies loop closure candidates. tbv radar slam achieves a high correct-loop-retrieval rate by combining multiple place-recognition techniques: tightly coupled place similarity and odometry uncertainty search, creating loop descriptors from origin-shifted scans, and delaying loop selection until after verification. robustness to false constraints is achieved by carefully verifying and selecting the most likely ones from multiple loop constraints. importantly, the verification and selection are carried out after registration when additional sources of loop evidence can easily be computed. we integrate our loop retrieval and verification method with a robust odometry pipeline within a pose graph framework. by evaluation on public benchmarks we found that tbv radar slam achieves 65% lower error than the previous state of the art. we also show that it generalizes across environments without needing to change any parameters. we provide the open-source implementation at https://github.com/dan11003/tbv_slam_public"
UAI:5169,"the popularity of egocentric cameras and their always-on nature has lead to the abundance of day long first-person videos. the highly redundant nature of these videos and extreme camera-shakes make them difficult to watch from beginning to end. these videos require efficient summarization tools for consumption. however, traditional summarization techniques developed for static surveillance videos or highly curated sports videos and movies are either not suitable or simply do not scale for such hours long videos in the wild. on the other hand, specialized summarization techniques developed for egocentric videos limit their focus to important objects and people. this paper presents a novel unsupervised reinforcement learning framework to summarize egocentric videos both in terms of length and the content. the proposed framework facilitates incorporating various prior preferences such as faces, places, or scene diversity and interactive user choice in terms of including or excluding the particular type of content. this approach can also be adapted to generate summaries of various lengths, making it possible to view even 1-minute summaries of one's entire day. when using the facial saliency-based reward, we show that our approach generates summaries focusing on social interactions, similar to the current state-of-the-art (sota). the quantitative comparisons on the benchmark disney dataset show that our method achieves significant improvement in relaxed f-score (rfs) (29.60 compared to 19.21 from sota), bleu score (0.68 compared to 0.67 from sota), average human ranking (ahr), and unique events covered. finally, we show that our technique can be applied to summarize traditional, short, hand-held videos as well, where we improve the sota f-score on benchmark summe and tvsum datasets from 41.4 to 46.40 and 57.6 to 58.3 respectively. we also provide a pytorch implementation and a web demo at https://pravin74.github.io/int-sum/index.html."
UAI:5170,"a new species of leptus, l. baspinari sp. nov., is described and illustrated from larvae collected via pitfall traps (off-host) from akcaova (seferler) reservoir, gokbel mountain, aydin province, turkiye. the new species belongs to phalangii species group and killingtoni species subgroup. leptus dubius paoli and l. pouryayevalii hakimitabar, saboori & fadaei are reported for the first time from turkiye, and l. dubius paoli is redescribed and illustrated based on turkish specimens. new metric data are given for l. pouryayevalii. keys to killingtoni, torresianus, dubius, and hospeticus species subgroups are presented, and definitions of dubius, bogoriacus and pasopaicus species subgroups are corrected.http://www.zoobank.org/urn:lsid:zoobank.org:pub:3bad8491-32e8-4d1f-b827-71f8613c540ahttp://www.zoobank.org/urn:lsid:zoobank.org:act:532672b4-56b4-4cf3-9784-f44958d111bf"
