UAI,AB
UAI:5301,"backgroundwe decided to conduct this study with the aim of investigating the effects of n-acetylcysteine (nac) on obesity complications and senescence of visceral adipose tissue in obese adults.methods and analysisthe present study was conducted as a randomized clinical trial (rct) (clinical trial registry number: irct20220727055563n1) on 40 obese adults candidates for bariatric surgery, who were randomly assigned to receive 600 mg of nac (n = 20) or placebo as a control (n = 20) for 4 weeks. during bariatric surgery, visceral adipose tissue was used to examine gene expression and senescence cells using sa-beta-gal.resultsour findings showed that intervention with nac significantly reduces sa-beta-gal activity (as a marker of senescence) and expression of p16 and interleukin 6 (il-6) genes in the visceral adipose tissue compared to placebo in obese adults for 4 weeks. in addition, our findings showed the potential and beneficial effect of nac administration on reducing the levels of inflammatory factors including il-6 and high-sensitivity c-reactive protein (hs-crp), as well as the level of fasting blood sugar (fbs), homeostatic model assessment of insulin resistance (homa-ir), and insulin compared to placebo after adjusting for confounders. no significant effect was indicated on anthropometric factors and lipid profile.conclusionfindings showed that nac, in addition to having a potential beneficial effect on reducing some of the complications caused by obesity, seems to have synolytic/senomorphic potential as well.clinical trial registration[https://clinicaltrials.gov/], identifier [irct20220727055563n1]."
UAI:5302,"deep neural networks are known to be vulnerable to adversarial perturbations. the amount of these perturbations are generally quantified using cp metrics, such as c0, c2 and c infinity. however, even when the measured perturbations are small, they tend to be noticeable by human observers since cp distance metrics are not representative of human perception. on the other hand, humans are less sensitive to changes in colorspace. in addition, pixel shifts in a constrained neighborhood are hard to notice. motivated by these observations, we propose a method that creates adversarial examples by applying spatial transformations, which creates adversarial examples by changing the pixel locations independently to chrominance channels of perceptual colorspaces such as ycbcr and cielab, instead of making an additive perturbation or manipulating pixel values directly. in a targeted white-box attack setting, the proposed method is able to obtain competitive fooling rates with very high confidence. the experimental evaluations show that the proposed method has favorable results in terms of approximate perceptual distance between benign and adversarially generated images. the source code is publicly available at https://github.com/ayberkydn/stadv-torch."
UAI:5303,"the discovery of low-coverage (i.e. uncovered) regions containing clinically significant variants, especially when they are related to the patient's clinical phenotype, is critical for whole-exome sequencing (wes) based clinical diagnosis. therefore, it is essential to develop tools to identify the existence of clinically important variants in low-coverage regions. here, we introduce a desktop application, namely devour (deleterious variants on uncovered regions), that analyzes read alignments for wes experiments, identifies genomic regions with no or low-coverage (read depth < 5) and then annotates known variants in the low-coverage regions using clinical variant annotation databases. as a proof of concept, devour was used to analyze a total of 28 samples from a publicly available hirschsprung disease-related wes project (ncbi bioproject: https://ww. ncbi.nlm.nih.gov/bioproject/?term=prjeb19327), revealing the potential existence of 98 disease-associated variants in low-coverage regions. devour is available from https://github.com/projectdevour/devour under the mit license."
UAI:5304,"deepmtp is a python framework designed to be compatible with the majority of machine learning subareas that fall under the umbrella of multi-target prediction (mtp). multi-target prediction includes problem settings like multi-label classification, multivariate regression, multi-task learning, matrix completion, dyadic prediction, and zero-shot learning. instead of using separate methodologies for the different problem settings, the proposed framework employs a single flexible two-branch neural network architecture that has been proven to be effective across the majority of mtp problem settings. to our knowledge, this is the first attempt at providing a framework that is compatible with more than two mtp problem settings. the source code of the framework is available at https://github.com/diliadis/deepmtp and an extension with a graphical user-interface is available at https://github.com/diliadis/deepmtp_gui.(c) 2023 the authors. published by elsevier b.v. this is an open access article under the cc by license ()."
UAI:5305,"recognizing human actions in video sequences, known as human action recognition (har), is a challenging task in pattern recognition. while convolutional neural networks (convnets) have shown remarkable success in image recognition, they are not always directly applicable to har, as temporal features are critical for accurate classification. in this paper, we propose a novel dynamic pso-convnet model for learning actions in videos, building on our recent work in image recognition. our approach leverages a framework where the weight vector of each neural network represents the position of a particle in phase space, and particles share their current weight vectors and gradient estimates of the loss function. to extend our approach to video, we integrate convnets with state-of-the-art temporal methods such as transformer and recurrent neural networks. our experimental results on the ucf-101 dataset demonstrate substantial improvements of up to 9% in accuracy, which confirms the effectiveness of our proposed method. in addition, we conducted experiments on larger and more variety of datasets including kinetics-400 and hmdb-51 and obtained preference for collaborative learning in comparison with non-collaborative learning (individual learning). overall, our dynamic pso-convnet model provides a promising direction for improving har by better capturing the spatiotemporal dynamics of human actions in videos. the code is available at https:// github. com/ leonl ha/ video- action- recog nition- colla borat ive- learn ing- with- dynam ics- via- pso- convn et- trans former."
UAI:5306,"motivation single-cell rna-sequencing enables cell-level investigation of cell differentiation, which can be modelled using trajectory inference methods. while tremendous effort has been put into designing these methods, inferring accurate trajectories automatically remains difficult. therefore, the standard approach involves testing different trajectory inference methods and picking the trajectory giving the most biologically sensible model. as the default parameters are often suboptimal, their tuning requires methodological expertise.results we introduce totem, an open-source, easy-to-use r package designed to facilitate inference of tree-shaped trajectories from single-cell data. totem generates a large number of clustering results, estimates their topologies as minimum spanning trees, and uses them to measure the connectivity of the cells. besides automatic selection of an appropriate trajectory, cell connectivity enables to visually pinpoint branching points and milestones relevant to the trajectory. furthermore, testing different trajectories with totem is fast, easy, and does not require in-depth methodological knowledge.availability and implementation totem is available as an r package at https://github.com/elolab/totem."
UAI:5307,"archival maps are an important source of information on the state of glaciers in polar zones and are very often basic research data for analysing changes in glacier mass, extent, and geometry. however, basing a quantitative analysis on archival maps requires that they be standardised and precisely matched against modern-day cartographic materials. this can be achieved effectively using techniques and tools from the field of geographic information systems (i.e. gis). the objective of this research was to accurately register archival topographic maps of the area surrounding the hornsund fjord (southern spitsbergen) published by the polish academy of sciences and to evaluate their potential for use in studying changes in the geometry of glaciers in the north-western part of the s & oslash;rkapp land peninsula in the following periods: 1961-1990, 1990-2010, and 1961-2010. the area occupied by the investigated glaciers in the north-western s & oslash;rkapp land decreased in the years 1961-2010 by 45.6 km(2), i.e. by slightly over 16 %. the rate of glacier area change varied over time and amounted to 0.85 km(2) yr(-1) in the period 1961-1990 and sped up to 1.05 km(2) yr(-1) after 1990. this process was accompanied by glacier surface lowering by about 90-100 m for the largest land-terminating glaciers on the peninsula and by up to more than 120 m for tidewater glaciers (above the line marking their 1984 extents). the dataset is now available from the zenodo web portal: https://doi.org/10.5281/zenodo.4573129 (dudek and p & eogon;tlicki, 2021)."
UAI:5308,"background: pain accompanying office hysteroscopy, possibly aggravated by urogenital atrophy, is the most common reason for its discontinuation. the aim was to evaluate the effectiveness of vaginal estriol and hyaluronic acid to facilitate the office hysteroscopy in peri and postmenopausal women. methods: a prospective cohort study involved women aged 45-90 years subjected to office hysteroscopy. women were assigned to three study arms: (a) 0.5 mg of estriol in vaginal cream twice daily for 10 days pre-procedure, (b) 5 mg of hyaluronic acid in vaginal gel twice daily for 10 days pre-procedure, (c) no medication. the following endpoints were compared: pain accompanying the procedure, need for cervical dilation, time of cervical passage, incidence of severe urogenital atrophy, and vaso-vagal reaction. results: there were no significant differences between the arms in terms of pain intensity during (p = 0.93) and after the procedure (p = 0.17), need for cervical dilation (p = 0.5), cervical passage time (p = 0.1), severe urogenital atrophy (p = 0.15), and vaso-vagal reaction (p = 0.29). conclusions: despite unfavorable conditions in peri and postmenopausal women, cervical preparation in the above regimens did not seem to bring clinically significant benefits. clinical trial registration: the study was registered under the number nct05783479 in the protocol registration and results system database (https://clinicaltrials.gov/). the database used for the study was made available in harvard dataverse (https://doi.org/10.7910/dvn/hswurd)."
UAI:5309,"background: this study aims to present a novel technique that integrates intraoperative neurophysiological monitoring (ionm) into laparoscopy for continuous monitoring of pelvic nerves at risk during surgery to ensure their protection. methods: this is a prospective analysis of 10 consecutive patients receiving surgical treatment for proven diagnosis of lumbosacral plexus nerve entrapment. patients with symptoms of chronic pelvic pain, dyspareunia, dysmenorrhea, and severe, burning sharp pain on the lower extremity dermatomes were included. laparoscopic decompression of lumbosacral plexus nerve entrapment with intraoperative neuromonitoring was per-formed between january 2021 and february 2022. intraoperative neuromonitoring records (spontaneous electromyography (emg), free-run emg recordings, transcranial electrical motor-evoked potentials (tcmep) recordings, direct nerve root stimulation recordings, and compound muscle action potentials (cmaps) recordings) and preoperative and postoperative pain symptoms at one month were analyzed. results: the median age of the patients was 29 (25-44) years. neurovascular conflict, fibrosis, and abnormal piriformis mus-cle were identified as the three main etiologies of nerve entrapments. there were no statistically significant differences in transcranial motor evoked potential responses on the operated extremity side before and after decompression surgery or in the amplitude difference changes of tcmep responses between the operated and non-operated extremity sides (p > 0.05). dyspareunia visual analogue scale (vas) scores showed a significant decrease at the first month postoperatively (p-value = 0.027). conclusions: integrating intraoperative neurophysiological monitoring into laparoscopy facilitates the monitoring of the patient's motor function and prevents both permanent and transient nerve damage during pelvic nerve decompression surgery. this technique holds promise in enhancing surgical safety and preserving pelvic nerve function. the study was registered at https://clinicaltrials.gov (registration number nct06009640)."
UAI:5310,"background: uterine compression methods reduce the amount of postpartum bleeding. in our study, we investigated the effect of fundal pressure, which will be created by a sandbag placed on the abdomen, on reducing post-cesarean bleeding. methods: a total of 482 patients who delivered by cesarean section (cs) in the obstetrics clinic of firat university faculty of medicine between january 2021 and december 2021 were included in this prospective, randomized, single-center study. there were two groups: control group (n = 246), weighted group (n = 236). a sandbag weighing approximately 3 kg was used as a fundal compression tool. hemoglobin (hb) and hematocrit (hct) concentrations and amount of vaginal bleeding were determined preoperatively and at the postoperative 8th and 24th hours. in addition, the time of milk coming from the breast and visual analogue scale (vas) were evaluated. results: the postoperative hb value at 24 hours was significantly lower in weighted group compared to control group. the estimated amount of postoperative bleeding (based on the number of pads) was higher in weighted group compared to control group. the time to onset of milk production from the breast at the postoperative 8th hour was significantly longer in weighted group compared to control group. postoperative vas scores at 24 hours were significantly higher in weighted group compared to control group. conclusions: applying fundal pressure by using a sandbag from the abdominal route seems ineffective in reducing the amount of bleeding after cs. it may even increase the amount of bleeding. clinical trial registration: the study was registered at https://clinicaltrials.gov/, registration number: nct06005831."
