UAI,AB
UAI:6081,"molecular modeling and simulation play important roles in biomedical research as they provide molecularlevel insight into the underlying mechanisms of biological functions that are difficult to elucidate only with experiments. charmm-gui (https://charmm-gui.org) is a web-based cyberinfrastructure that is widely used to generate various molecular simulation system and input files and thus facilitates and standardizes the usage of common and advanced simulation techniques. in particular, pdb manipulator provides various chemical modification options as the starting point for most input generation modules in charmmgui. here, we discuss recent additions to pdb manipulator, such as non-standard amino acids/rna substitutions, ubiquitylation and sumoylation, lys/arg post-translational modifications, lipidation, peptide stapling, and improved parameterization options of small molecules. these additional features are expected to make complex pdb modifications easy for biomolecular modeling and simulation. & copy; 2023 elsevier ltd. all rights reserved."
UAI:6082,"this is a global ocean climatological dataset of 17 thermohaline parameters such as isothermal layer (itl) depth (h(t)), mixed layer (ml) depth (h(d)), thermocline gradient (g(t)), pycnocline gradient (g(d)) determined from temperature (t) and salinity (s) profiles of the national centers for environmental information (ncei) world ocean atlas 2018 (woa18) using the double gradient method along with the identity-index (i-index) showing the quality of the determination. with the identified (h(t), h(d)) and (g(t), g(d)), other parameters such as itl heat content (h-itl), mixed layer fresh-water content (f-ml), maximum thermocline gradient (g(tmax)), thermocline depth (h(th)), temperature at thermocline depth (t-th), maximum density gradient g(dmax)), pycnocline depth (h(pyc)), density at pycnocline depth (?(pyc)), and (h(t) - h(d)) (barrier layer if positive or compensated layer if negative). the dataset is located at the noaa/ncei website (https://doi.org/10.25921/j3v2-jy50). it provides useful background information for ocean mixed layer dynamics, air-sea interaction, climatological studies. this paper is the only document for the dataset."
UAI:6083,"the multiple sequence alignment (msa) is the entry point of many rna structure modeling tasks, such as prediction of rna secondary structure (rss) and contacts. however, there are few automated programs for generating high quality msas of target rna molecules. we have developed rmsa, a hierarchical pipeline for sensitive search and accurate alignment of rna homologs for a target rna. on a diverse set of 365 non-redundant rna structures, rmsa significantly outperforms an existing msa generation method (rnacmap) by approximately 20% and 5% higher f1-scores for rss and long-range contact prediction, respectively. rmsa is available at https://zhanggroup.org/rmsa/ and https://github.com/pylelab/rmsa.(c) 2022 the authors. published by elsevier ltd. this is an open access article under the cc by license ()."
UAI:6084,"we present an updated version of the predicting protein-protein interactions (preppi) webserver which predicts ppis on a proteome-wide scale. preppi combines structural and non-structural evidence within a bayesian framework to compute a likelihood ratio (lr) for essentially every possible pair of proteins in a proteome; the current database is for the human interactome. the structural modeling (sm) component is derived from template-based modeling and its application on a proteome-wide scale is enabled by a unique scoring function used to evaluate a putative complex. the updated version of preppi leverages alphafold structures that are parsed into individual domains. as has been demonstrated in earlier applications, preppi performs extremely well as measured by receiver operating characteristic curves derived from testing on e. coli and human protein-protein interaction (ppi) databases. a preppi database of -1.3 million human ppis can be queried with a webserver application that comprises multiple functionalities for examining query proteins, template complexes, 3d models for predicted complexes, and related features (https://honiglab.c2b2.columbia.edu/preppi). preppi is a state-of-the-art resource that offers an unprecedented structure-informed view of the human interactome. (c) 2023 published by elsevier ltd."
UAI:6085,"indecipherable black boxes are common in machine learning (ml), but applications increasingly require explainable artificial intelligence (xai). the core of xai is to establish transparent and interpretable data-driven algorithms. this work provides concrete tools for xai in situations where prior knowledge must be encoded and untrustworthy inferences flagged. we use the learn to optimize (l2o) methodology wherein each inference solves a data-driven optimization problem. our l2o models are straightforward to implement, directly encode prior knowledge, and yield theoretical guarantees (e.g. satisfaction of constraints). we also propose use of interpretable certificates to verify whether model inferences are trustworthy. numerical examples are provided in the applications of dictionary-based signal recovery, ct imaging, and arbitrage trading of cryptoassets. code and additional documentation can be found at https://xai-l2o.research.typal.academy."
UAI:6086,"the folding patterns of interphase genomes in higher eukaryotes, as obtained from dna-proximity-ligation or hi-c experiments, are used to classify loci into structural classes called compartments and subcompartments. these structurally annotated (sub) compartments are known to exhibit specific epigenomic characteristics and cell-type-specific variations. to explore the relationship between genome structure and the epigenome, we present pymegabase (pymb), a maximum-entropy-based neural network model that predicts (sub) compartment annotations of a locus based solely on the local epigenome, such as chip-seq of histone post-translational modifications. pymb builds upon our previous model while improving robustness, capability to handle diverse inputs and user-friendly implementation. we employed pymb to predict subcompartments for over a hundred human cell types available in encode, shedding light on the links between subcompartments, cell identity, and epigenomic signals. the fact that pymb, trained on data for human cells, can accurately predict compartments in mice suggests that the model is learning underlying physicochemical principles transferable across cell types and species. reliable at higher resolutions (up to 5 kbp), pymb is used to investigate compartment-specific gene expression. not only can pymb generate (sub) compartment information without hi-c experiments, but its predictions are also interpretable. analyzing pymb's trained parameters, we explore the importance of various epigenomic marks in each subcompartment prediction. furthermore, the predictions of the model can be used as input for openmichrom software, which has been calibrated to generate three-dimensional structures of the genome. detailed documentation of pymb is available at https://pymegabase.readthedocs.io, including an installation guide using pip or conda, and jupyter/colab notebook tutorials.& copy; 2023 elsevier ltd. all rights reserved."
UAI:6087,"major advances have been made in the field of precision medicine for treating cancer. however, many open questions remain that need to be answered to realize the goal of matching every patient with cancer to the most efficacious therapy. to facilitate these efforts, we have developed cellminercdb: national center for advancing translational sciences (ncats; https://discover.nci. nih.gov/rsconnect/cellminercdb_ncats/), which makes available activity information for 2,675 drugs and compounds, including multiple nononcology drugs and 1,866 drugs and compounds unique to the ncats. cellminercdb: ncats comprises 183 cancer cell lines, with 72 unique to ncats, including some from previously understudied tissues of origin. multiple forms of data from different institutes are integrated, including single and com-bination drug activity, dna copy number, methylation and muta-tion, transcriptome, protein levels, histone acetylation and methylation, metabolites, crispr, and miscellaneous signatures. curation of cell lines and drug names enables cross-database (cdb) analyses. comparison of the datasets is made possible by the overlap between cell lines and drugs across databases. multiple univariate and multivariate analysis tools are built-in, including linear regres- sion and lasso. examples have been presented here for the clinical topoisomerase i (top1) inhibitors topotecan and irinotecan/sn- 38. this web application provides both substantial new data and significant pharmacogenomic integration, allowing exploration of"
UAI:6088,"nasa will launch the nancy grace roman space telescope (hereafter roman ) in the second half of this decade, which will allow for a generation-defining measurement of dark energy through multiple probes, including type ia supernovae (sne ia). to improve decisions on survey strategy, we have created the first simulations of realistic roman images that include artificial sne ia injected as point sources in the images. our analysis combines work done on roman simulations for weak gravitational lensing studies as well as catalogue-level simulations of sn ia samples. we have created a time series of images over 2 yr containing similar to 1050 sne ia, covering a 1 deg(2) subarea of a planned 5 deg2 deep survey. we have released these images publicly for community use along with input catalogues of all injected sources. we create secondary products from these images by generating coadded images and demonstrating recovery of transient sources using image subtraction. we perform first-use analyses on these images in order to measure galaxy detection efficiency, point source detection efficiency, and host-galaxy association biases. the simulated images can be found here at https://roman.ipac.caltech.edu/sims/sn survey image sim.html."
UAI:6089,"t-cell-based immunotherapies hold tremendous potential in the fight against cancer, thanks to their capacity to specifically targeting diseased cells. nevertheless, this potential has been tempered with safety concerns regarding the possible recognition of unknown off-targets displayed by healthy cells. in a notorious example, engineered t-cells specific to magea3 (evdpighly) also recognized a titin-derived peptide (esdpivaqy) expressed by cardiac cells, inducing lethal damage in melanoma patients. such off-target toxicity has been related to t-cell cross-reactivity induced by molecular mimicry. in this context, there is growing interest in developing the means to avoid off-target toxicity, and to provide safer immunotherapy products. to this end, we present crossdome, a multi-omics suite to predict the off-target toxicity risk of t-cell-based immunotherapies. our suite provides two alternative protocols, i) a peptide centered prediction, or ii) a tcr-centered prediction. as proof-of-principle, we evaluate our approach using 16 well-known cross-reactivity cases involving cancer-associated antigens. with crossdome, the titin-derived peptide was predicted at the 99+ percentile rank among 36,000 scored candidates (p-value < 0.001). in addition, off-targets for all the 16 known cases were predicted within the top ranges of relatedness score on a monte carlo simulation with over 5 million putative peptide pairs, allowing us to determine a cut-off p-value for off target toxicity risk. we also implemented a penalty system based on tcr hotspots, named contact map (cm). this tcr-centered approach improved upon the peptide-centered prediction on the magea3-titin screening (e.g., from 27th to 6th, out of 36,000 ranked peptides). next, we used an extended dataset of experimentally-determined cross-reactive peptides to evaluate alternative crossdome protocols. the level of enrichment of validated cases among top 50 best-scored peptides was 63% for the peptide-centered protocol, and up to 82% for the tcr-centered protocol. finally, we performed functional characterization of top ranking candidates, by integrating expression data, hla binding, and immunogenicity predictions. crossdome was designed as an r package for easy integration with antigen discovery pipelines, and an interactive web interface for users without coding experience. crossdome is under active development, and it is available at https://github.com/antuneslab/crossdome."
UAI:6090,"recently a biochemistry experiment named methyl-3c was developed to simultaneously capture the chromosomal conformations and dna methylation levels on individual single cells. however, the number of data sets generated from this experiment is still small in the scientific community compared with the greater amount of single-cell hi-c data generated from separate single cells. therefore, a computational tool to predict single-cell methylation levels based on single-cell hi-c data on the same individual cells is needed. we developed a graph transformer named schime to accurately predict the base-pair-specific (bp-specific) methylation levels based on both single-cell hi-c data and dna nucleotide sequences. we benchmarked schime for predicting the bp-specific methylation levels on all of the promoters of the human genome, all of the promoter regions together with the corresponding first exon and intron regions, and random regions on the whole genome. our evaluation showed a high consistency between the predicted and methyl-3c-detected methylation levels. moreover, the predicted dna methylation levels resulted in accurate classifications of cells into different cell types, which indicated that our algorithm successfully captured the cell-to-cell variability in the single-cell hi-c data. schime is freely available at http://dna.cs.miami.edu/schime/."
