UAI,AB
UAI:4921,"crispr/cas9 gene editing has revolutionised loss- of-function experiments in leishmania, the causative agent of leishmaniasis. as leishmania lack a functional non-homologous dna end joining pathway however, obtaining null mutants typically requires additional donor dna, selection of drug resistance-associated edits or time-consuming isolation of clones. genome- wide loss- of-function screens across different conditions and across multiple leishmania species are therefore unfeasible at present. here, we report a crispr/cas9 cytosine base editor (cbe) toolbox that overcomes these limitations. we employed cbes in leishmania to introduce stop codons by converting cytosine into thymine and created http://www.leishbaseedit.net/ for cbe primer design in kinetoplastids. through reporter assays and by targeting single-and multi- copy genes in l. mexi-cana, l. major, l. donovani, and l. infantum, we demonstrate how this tool can efficiently generate functional null mutants by expressing just one single- guide rna, reaching up to 100% editing rate in non-clonal populations. we then generated a leishmania- optimised cbe and successfully targeted an essential gene in a plasmid library delivered loss- of-function screen in l. mexicana. since our method does not require dna double-strand breaks, homologous recombination, donor dna, or isolation of clones, we believe that this enables for the first time functional genetic screens in leish-mania via delivery of plasmid libraries."
UAI:4922,"rna-sequencing has become one of the most used high-throughput approaches to gain knowledge about the expression of all different rna subpopulations. however, technical artifacts, either introduced during library preparation and/or data analysis, can influence the detected rna expression levels. a critical step, especially in large and low input datasets or studies, is data normalization, which aims at eliminating the variability in data that is not related to biology. many normalization methods have been developed, each of them relying on different assumptions, making the selection of the appropriate normalization strategy key to preserve biological information. to address this, we developed normseq, a free web-server tool to systematically assess the performance of normalization methods in a given dataset. a key feature of normseq is the implementation of information gain to guide the selection of the best normalization method, which is crucial to eliminate or at least reduce non-biological variability. altogether, normseq provides an easy-to-use platform to explore different aspects of gene expression data with a special focus on data normalization to help researchers, even without bioinformatics expertise, to obtain reliable biological inference from their data. normseq is freely available at: https://arn.ugr.es/normseq."
UAI:4923,"there is an urgent need to diversify the pipeline for discovering novel natural products due to the increase in multi-drug resistant infections. like bacteria, fungi also produce secondary metabolites that have potent bioactivity and rich chemical diversity. to avoid self-toxicity, fungi encode resistance genes which are often present within the biosynthetic gene clusters (bgcs) of the corresponding bioactive compounds. recent advances in genomemining tools have enabled the detection and prediction of bgcs responsible for the biosynthesis of secondary metabolites. the main challenge now is to prioritize themost promising bgcs that produce bioactive compounds with novel modes of action. with targetdirected genome mining methods, it is possible to predict the mode of action of a compound encoded in an uncharacterized bgc based on the presence of resistant target genes. here, we introduce the `fungal bioactive compound resistant target seeker' (funarts) available at https://funarts.ziemertlab.com. this is a specific and efficient mining tool for the identification of fungal bioactive compounds with interesting and novel targets. funarts rapidly links housekeeping and known resistance genes to bgc proximity and duplication events, allowing for automated, target-directed mining of fungal genomes. additionally, funarts generates gene cluster networking by comparing the similarity of bgcs from multi-genomes. [graphics] ."
UAI:4924,"background: solid-phase peptide synthesis (spps) is a mature technique widely used in research and in production. there are different approaches that fulfill the diverse requirements, regarding the number, quantity and quality of peptides. we have implemented three laboratory protocols of synthesis that cover these needs. these protocols have been tested, and the results analyzed with two different sequences used in previous works. results: the peptide synthesis protocols such as tea bag, microwave synthesis and manual synthesis have allowed obtaining specific yields of 8, 43 and 64% for the nbc112 peptide and specific yields of 36, 46 and 78% for the nbc759 peptide with the three protocols, respectively. each protocol has different application contexts with advantages and disadvantages in each case. conclusions: the three protocols allow the obtention of the two peptides with good purity and can be used according to specific needs and requirements. this article includes an interactive 360-degree video. to view it correctly, it is necessary to scroll through the screen to navigate across the laboratory where you will find 10 interactive points. for an immersive experience, a head-mounted display can be used. please, visit this url: http://ejbiotechnol-ogy.info/public/360view/2023/vtpcardenas1v1/index.html."
UAI:4925,"deep-learning based periocular recognition systems typically use overparameterized deep neural networks asso-ciated with high computational costs and memory requirements. this is especially problematic for mobile and embedded devices in shared resource environments. to perform model quantization for lightweight periocular recognition in a privacy-aware manner, we propose and release syper, a synthetic dataset and generation model of periocular images. to enable this, we propose to perform the knowledge transfer in the quantization process on the embedding level and thus not identity-labeled data. this does not only allow the use of synthetic data for quantization, but it also successfully allows to perform the quantization on different domains to addition-ally boost the performance in new domains. in a variety of experiments on a diverse set of model backbones, we demonstrate the ability to build compact and accurate models through an embedding-level knowledge transfer using synthetic data. we also demonstrate very successfully the use of embedding-level knowledge transfer for near-infrared quantized models towards accurate and efficient periocular recognition on near-infrared images. the syper dataset, together with the evaluation protocol, the training code, and model checkpoints are made publicly available at https://github.com/jankolf/syper.(c) 2023 elsevier b.v. all rights reserved."
UAI:4926,"the task of emotion recognition in conversations (erc) benefits from the availability of multiple modal-ities, as provided, for example, in the video-based multimodal emotionlines dataset (meld). however, only a few research approaches use both acoustic and visual information from the meld videos. there are two reasons for this: first, label-to-video alignments in meld are noisy, making those videos an unre-liable source of emotional speech data. second, conversations can involve several people in the same scene, which requires the localisation of the utterance source. in this paper, we introduce meld with fixed audiovisual information via realignment (meld-fair) by using recent active speaker detection and automatic speech recognition models, we are able to realign the videos of meld and capture the facial expressions from speakers in 96.92% of the utterances provided in meld. experiments with a self-supervised voice recognition model indicate that the realigned meld-fair videos more closely match the transcribed utterances given in the meld dataset. finally, we devise a model for emotion recognition in conversations trained on the realigned meld-fair videos, which outperforms state-of -the-art models for erc based on vision alone. this indicates that localising the source of speaking activ-ities is indeed effective for extracting facial expressions from the uttering speakers and that faces provide more informative visual cues than the visual features state-of-the-art models have been using so far. the meld-fair realignment data, and the code of the realignment procedure and of the emotional recogni-tion, are available at https://github.com/knowledgetechnologyuhh/meld-fair.(c) 2023 the author(s). published by elsevier b.v. this is an open access article under the cc by-nc-nd license ()."
UAI:4927,"the segmentation of histopathological whole slide images into tumourous and non-tumourous types of tissue is a challenging task that requires the consideration of both local and global spatial contexts to classify tumourous regions precisely. the identification of subtypes of tumour tissue complicates the issue as the sharpness of separation decreases and the pathologist's reasoning is even more guided by spatial context. however, the identification of detailed tissue types is crucial for providing personalized cancer therapies. due to the high resolution of whole slide images, existing semantic segmentation methods, restricted to isolated image sections, are incapable of processing context information beyond. to take a step towards better context comprehension, we propose a patch neighbour attention mechanism to query the neighbouring tissue context from a patch embedding memory bank and infuse context embeddings into bottleneck hidden feature maps. our memory attention framework (maf) mimics a pathologist's annotation procedure - zooming out and considering surrounding tissue context. the framework can be integrated into any encoder-decoder segmentation method. we evaluate the maf on two public breast cancer and liver cancer data sets and an internal kidney cancer data set using famous segmentation models (u-net, deeplabv3) and demonstrate the superiority over other context-integrating algorithms - achieving a substantial improvement of up to 17% on dice score. the code is publicly available at https://github.com/tio-ikim/valuing-vicinity."
UAI:4928,"the package performs molecular-dynamics-like agent-based simulations for models of aligning self-propelled particles in two dimensions such as e.g. the seminal vicsek model or variants of it. in one class of the covered models, the microscopic dynamics is determined by certain time discrete interaction rules. thus, it is no hamiltonian dynamics and quantities such as energy are not defined. in the other class of considered models (that are generally believed to behave qualitatively the same) brownian dynamics is considered. however, also there, the forces are not derived from a hamiltonian. furthermore, in most cases, the forces depend on the state of all particles and can not be decomposed into a sum of forces that only depend on the states of pairs of particles. due to the above specified features of the microscopic dynamics of such models, they are not implemented in major molecular dynamics simulation frameworks to the best of the authors knowledge. models that are covered by this package have been studied with agent-based simulations by dozens of papers. however, no simulation framework of such models seems to be openly available. the program is provided as a python package. the simulation code is written in c. in the current version, parallelization is not implemented.program summaryprogram title: aligning active particles py packagecpc library link to program files: https://doi .org /10 .17632 /gghrf6sz8t .1developer's repository link: https://github .com /kuersten /aappp licensing provisions: mitprogramming language: c / pythonnature of problem: perform molecular-dynamics-like agent-based simulations of models for aligning active particles with interaction rules that are not following hamiltonian dynamics and that are not restricted to pair-interactions.solution method: uses cell lists to find interacting particles. additional comments including restrictions and unusual features: does not run in parallel. allows the usage of reflecting boundary conditions.(c) 2023 elsevier b.v. all rights reserved."
UAI:4929,"internet of things (iot) services and devices have raised numerous challenges such as connectivity, computation, and security. therefore, networks should provide and maintain quality services. nowadays, distributed denialof-service (ddos) attack is the most important network attacks according to recent studies. among the variety of ddos detection methods, machine learning (ml) algorithms have attracted researchers. in ml, the selection of optimal subset of features can have a significant role to enhance the classification rate. this problem called the feature selection problem is in the class of np-hard problems and exact algorithms cannot obtain the best results in acceptable time. therefore, approximate algorithms like meta-heuristic algorithms are employed to solve the problem. since these algorithms do not search all solution space, they fall in local optima and provide a premature convergence rate. several methods have been introduced so far to address these challenges but researchers try to find new strategies for enhancing the performance of methods. in this study, a binary improved african vulture optimization algorithm (sin-cos-biavoa) is proposed to select effective features of ddos attacks. the method applies a novel compound transfer function (sin-cos) to increase exploration. to select the optimal subset of features, gravitational fixed radius nearest neighbor (gfrnn) is employed as the classifier in the method. moreover, avoa is improved in three phases including exploration, balancing exploration and exploitation, and exploitation phases. hence, sin-cos-biavoa explores promising areas to achieve the best solution and avoid the local optima traps. the proposed method's performance is compared with some recent stateof-the-art in two datasets, cic-ddos2019 and nsl-kdd for the ddos attack detection. the experiment results show that the proposed method achieves the minimum feature selection rate (0.0184) with the high average accuracy (99.9979%), precision (99.9979%), recall (100.00%), and f-measure (99.9989%) compared with competitors in the first scenario with 1% attack rate in cic-ddos2019 dataset. in addition, the results of friedman test based on fitness functions indicate that sin-cos-biavoa has the first rank among comparative algorithms. the source code of sin-cos-biavoa is publicly available at https://www.mathworks.com/matlabcentral/fileexchange/129409-sin-cos-biavoa-a-new-feature-selection-method."
UAI:4930,"purpose: patient-reported outcomes have not been suffciently implemented into the routine care of cancer patients because the existing instruments are often too long and complex or not cancer-specific. the aim of this study is the determination of psychometric properties and item reduction of a newly developed health-related quality of life (hrqol) questionnaire for use in oncological clinical routines. methods: this observational study with a repeatedmeasurements design included oncological inpatients and outpatients. a total of 630 patients participated at the first point of measurement and 404 at the second point of measurement. to evaluate the instrument, we conducted hierarchical confirmative factor analyses and for further validation correlated the resulting factors with standardized and validated hrqol measurements. test-retest reliability and responsiveness to change were tested. results: the developed questionnaire help-6 (hamburg inventory for measuring quality of life in oncological patients) has a six-factor structure and has moderate-to-good convergent validity (r =-0.25-0.68). test-retest reliability was moderate-to-good (r =0.56-0.81, p<0.001). indications for responsiveness to change were found for three dimensions. the final version of the questionnaire help-6 has six dimensions with one item each. conclusion: with the help-6 instrument formeasuring hrqol in cancer patients, we provide a short and practical patient-reported outcome instrument. though responsiveness to change could not be confirmed for all dimensions in this study, the help-6 includes time-effcient completion and evaluation and is informative in relevant hrqol dimensions of cancer patients. therefore, the help-6 poses an important addition to inpatient and outpatient routine cancer care. trial registration: this study was registered at open science framework (https://osf.io/y7xce/), on 9 june 2018"
